"STATION","NAME","DATE","DAPR","MDPR","PRCP","SNOW","SNWD"
"US1ORMT0083","PORTLAND 4.1 NW, OR US","2018-01-05",,,"0.20",,
"US1ORMT0083","PORTLAND 4.1 NW, OR US","2018-01-06",,,"0.30",,
"US1ORMT0083","PORTLAND 4.1 NW, OR US","2018-01-08",,,"0.18",,
"US1ORMT0083","PORTLAND 4.1 NW, OR US","2018-01-09",,,"0.53",,
"US1ORMT0083","PORTLAND 4.1 NW, OR US","2018-01-11",,,"0.25",,
"US1ORMT0083","PORTLAND 4.1 NW, OR US","2018-01-12",,,"0.75",,
"US1ORMT0083","PORTLAND 4.1 NW, OR US","2018-01-16",,,"0.12",,
"US1ORMT0083","PORTLAND 4.1 NW, OR US","2018-01-17",,,"0.05",,
"US1ORMT0083","PORTLAND 4.1 NW, OR US","2018-01-18",,,"0.69",,
"US1ORMT0083","PORTLAND 4.1 NW, OR US","2018-01-19",,,"0.16",,
"US1ORMT0083","PORTLAND 4.1 NW, OR US","2018-01-20",,,"0.10",,
"US1ORMT0083","PORTLAND 4.1 NW, OR US","2018-01-21",,,"0.15",,
"US1ORMT0083","PORTLAND 4.1 NW, OR US","2018-01-22",,,"0.35",,
"US1ORMT0083","PORTLAND 4.1 NW, OR US","2018-01-23",,,"0.25",,
"US1ORMT0083","PORTLAND 4.1 NW, OR US","2018-01-24",,,"1.05",,
"US1ORMT0083","PORTLAND 4.1 NW, OR US","2018-01-25",,,"0.45",,
"US1ORMT0083","PORTLAND 4.1 NW, OR US","2018-01-26",,,"0.25",,
"US1ORMT0083","PORTLAND 4.1 NW, OR US","2018-01-27",,,"0.35",,
"US1ORMT0083","PORTLAND 4.1 NW, OR US","2018-01-28",,,"0.14",,
"US1ORMT0083","PORTLAND 4.1 NW, OR US","2018-01-30",,,"0.49",,
"US1ORMT0083","PORTLAND 4.1 NW, OR US","2018-01-31",,,"0.03",,
"US1ORMT0083","PORTLAND 4.1 NW, OR US","2018-02-02",,,"0.13",,
"US1ORMT0083","PORTLAND 4.1 NW, OR US","2018-02-15",,,"0.41",,
"US1ORMT0083","PORTLAND 4.1 NW, OR US","2018-02-17",,,"0.03",,
"US1ORMT0083","PORTLAND 4.1 NW, OR US","2018-02-18",,,"0.11",,
"US1ORMT0083","PORTLAND 4.1 NW, OR US","2018-02-19",,,"0.43",,
"US1ORMT0083","PORTLAND 4.1 NW, OR US","2018-02-20",,,"0.01",,
"US1ORMT0083","PORTLAND 4.1 NW, OR US","2018-02-21",,,"0.41","4.0",
"US1ORMT0083","PORTLAND 4.1 NW, OR US","2018-02-22",,,"0.24","2.2",
"US1ORMT0083","PORTLAND 4.1 NW, OR US","2018-02-25",,,"0.23",,
"US1ORMT0083","PORTLAND 4.1 NW, OR US","2018-02-26",,,"0.23",,
"US1ORMT0083","PORTLAND 4.1 NW, OR US","2018-02-28",,,"0.06",,
"US1ORMT0083","PORTLAND 4.1 NW, OR US","2018-03-09",,,"0.26",,
"US1ORMT0083","PORTLAND 4.1 NW, OR US","2018-03-14",,,"0.37",,
"US1ORMT0083","PORTLAND 4.1 NW, OR US","2018-03-16",,,"0.22",,
"US1ORMT0083","PORTLAND 4.1 NW, OR US","2018-03-18",,,"0.05",,
"US1ORMT0083","PORTLAND 4.1 NW, OR US","2018-03-22",,,"0.53",,
"US1ORMT0083","PORTLAND 4.1 NW, OR US","2018-03-23",,,"0.63",,
"US1ORMT0083","PORTLAND 4.1 NW, OR US","2018-03-24",,,"0.37",,
"US1ORMT0083","PORTLAND 4.1 NW, OR US","2018-03-25",,,"0.27",,
"US1ORMT0083","PORTLAND 4.1 NW, OR US","2018-03-26",,,"0.03",,
"US1ORMT0083","PORTLAND 4.1 NW, OR US","2018-03-27",,,"0.04",,
"US1ORMT0083","PORTLAND 4.1 NW, OR US","2018-04-02",,,"0.24",,
"US1ORMT0083","PORTLAND 4.1 NW, OR US","2018-04-05",,,"0.03",,
"US1ORMT0083","PORTLAND 4.1 NW, OR US","2018-04-06",,,"0.45",,
"US1ORMT0083","PORTLAND 4.1 NW, OR US","2018-04-07",,,"0.52",,
"US1ORMT0083","PORTLAND 4.1 NW, OR US","2018-04-08",,,"1.35",,
"US1ORMT0083","PORTLAND 4.1 NW, OR US","2018-04-09",,,"0.09",,
"US1ORMT0083","PORTLAND 4.1 NW, OR US","2018-04-11",,,"0.16",,
"US1ORMT0083","PORTLAND 4.1 NW, OR US","2018-04-12",,,"0.27",,
"US1ORMT0083","PORTLAND 4.1 NW, OR US","2018-04-13",,,"0.24",,
"US1ORMT0083","PORTLAND 4.1 NW, OR US","2018-04-15",,,"0.40",,
"US1ORMT0083","PORTLAND 4.1 NW, OR US","2018-04-16",,,"0.76",,
"US1ORMT0083","PORTLAND 4.1 NW, OR US","2018-04-17",,,"0.06",,
"US1ORMT0083","PORTLAND 4.1 NW, OR US","2018-04-29",,,"0.09",,
"US1ORMT0083","PORTLAND 4.1 NW, OR US","2018-04-30",,,"0.14",,
"US1ORMT0083","PORTLAND 4.1 NW, OR US","2018-05-09",,,"0.10",,
"US1ORMT0083","PORTLAND 4.1 NW, OR US","2018-05-10",,,"0.05",,
"US1ORMT0083","PORTLAND 4.1 NW, OR US","2018-05-11",,,"0.10",,
"US1ORMT0083","PORTLAND 4.1 NW, OR US","2018-06-01",,,"0.02",,
"US1ORMT0083","PORTLAND 4.1 NW, OR US","2018-06-09",,,"0.25",,
"US1ORMT0083","PORTLAND 4.1 NW, OR US","2018-06-10",,,"0.26",,
"US1ORMT0083","PORTLAND 4.1 NW, OR US","2018-06-11",,,"0.20",,
"US1ORMT0083","PORTLAND 4.1 NW, OR US","2018-06-28",,,"0.00",,
"US1ORMT0083","PORTLAND 4.1 NW, OR US","2018-08-12",,,"0.03",,
"US1ORMT0083","PORTLAND 4.1 NW, OR US","2018-08-27",,,"0.02",,
"US1ORMT0083","PORTLAND 4.1 NW, OR US","2018-09-10",,,"0.09",,
"US1ORMT0083","PORTLAND 4.1 NW, OR US","2018-09-12",,,"0.25",,
"US1ORMT0083","PORTLAND 4.1 NW, OR US","2018-09-13",,,"0.38",,
"US1ORMT0083","PORTLAND 4.1 NW, OR US","2018-09-14",,,"0.30",,
"US1ORMT0083","PORTLAND 4.1 NW, OR US","2018-09-16",,,"0.18",,
"US1ORMT0083","PORTLAND 4.1 NW, OR US","2018-09-17",,,"0.26",,
"US1ORMT0083","PORTLAND 4.1 NW, OR US","2018-09-22",,,"0.02",,
"US1ORMT0083","PORTLAND 4.1 NW, OR US","2018-10-06",,,"0.64",,
"US1ORMT0083","PORTLAND 4.1 NW, OR US","2018-10-08",,,"0.28",,
"US1ORMT0083","PORTLAND 4.1 NW, OR US","2018-10-24",,,"0.05",,
"US1ORMT0083","PORTLAND 4.1 NW, OR US","2018-10-25",,,"0.03",,
"US1ORMT0083","PORTLAND 4.1 NW, OR US","2018-10-26",,,"0.43",,
"US1ORMT0083","PORTLAND 4.1 NW, OR US","2018-10-27",,,"0.24",,
"US1ORMT0083","PORTLAND 4.1 NW, OR US","2018-10-28",,,"1.52",,
"US1ORMT0083","PORTLAND 4.1 NW, OR US","2018-10-29",,,"0.14",,
"US1ORMT0083","PORTLAND 4.1 NW, OR US","2018-10-30",,,"0.17",,
"US1ORMT0083","PORTLAND 4.1 NW, OR US","2018-10-31",,,"0.17",,
"US1ORMT0083","PORTLAND 4.1 NW, OR US","2018-11-01",,,"0.04",,
"US1ORMT0083","PORTLAND 4.1 NW, OR US","2018-11-02",,,"0.13",,
"US1ORMT0083","PORTLAND 4.1 NW, OR US","2018-11-04",,,"0.17",,
"US1ORMT0083","PORTLAND 4.1 NW, OR US","2018-11-07",,,"0.07",,
"US1ORMT0083","PORTLAND 4.1 NW, OR US","2018-11-14",,,"0.03",,
"US1ORMT0083","PORTLAND 4.1 NW, OR US","2018-11-22",,,"0.21",,
"US1ORMT0083","PORTLAND 4.1 NW, OR US","2018-11-23",,,"0.71",,
"US1ORMT0083","PORTLAND 4.1 NW, OR US","2018-11-24",,,"0.54",,
"US1ORMT0083","PORTLAND 4.1 NW, OR US","2018-11-27",,,"0.77",,
"US1ORMT0083","PORTLAND 4.1 NW, OR US","2018-11-28",,,"0.05",,
"US1ORMT0083","PORTLAND 4.1 NW, OR US","2018-11-29",,,"0.28",,
"US1ORMT0083","PORTLAND 4.1 NW, OR US","2018-11-30",,,"0.07",,
"US1ORMT0083","PORTLAND 4.1 NW, OR US","2018-12-01",,,"0.60",,
"US1ORMT0083","PORTLAND 4.1 NW, OR US","2018-12-02",,,"0.03",,
"US1ORMT0083","PORTLAND 4.1 NW, OR US","2018-12-08",,,"0.04",,
"US1ORMT0083","PORTLAND 4.1 NW, OR US","2018-12-10",,,"0.62",,
"US1ORMT0083","PORTLAND 4.1 NW, OR US","2018-12-12",,,"0.74",,
"US1ORMT0083","PORTLAND 4.1 NW, OR US","2018-12-15",,,"0.04",,
"US1ORMT0083","PORTLAND 4.1 NW, OR US","2018-12-16",,,"0.18",,
"US1ORMT0083","PORTLAND 4.1 NW, OR US","2018-12-17",,,"0.36",,
"US1ORMT0083","PORTLAND 4.1 NW, OR US","2018-12-18",,,"1.16",,
"US1ORMT0083","PORTLAND 4.1 NW, OR US","2018-12-19",,,"0.15",,
"US1ORMT0083","PORTLAND 4.1 NW, OR US","2018-12-21",,,"0.15",,
"US1ORMT0083","PORTLAND 4.1 NW, OR US","2018-12-22",,,"0.02",,
"US1ORMT0083","PORTLAND 4.1 NW, OR US","2018-12-23",,,"0.74",,
"US1ORMT0083","PORTLAND 4.1 NW, OR US","2018-12-24",,,"0.47",,
"US1ORMT0083","PORTLAND 4.1 NW, OR US","2018-12-27",,,"0.32",,
"US1ORMT0083","PORTLAND 4.1 NW, OR US","2018-12-29",,,"0.25",,
"US1ORMT0083","PORTLAND 4.1 NW, OR US","2018-12-30",,,"0.59",,
"US1ORMT0083","PORTLAND 4.1 NW, OR US","2019-01-03",,,"0.06",,
"US1ORMT0083","PORTLAND 4.1 NW, OR US","2019-01-04",,,"0.06",,
"US1ORMT0083","PORTLAND 4.1 NW, OR US","2019-01-07",,,"0.30",,
"US1ORMT0083","PORTLAND 4.1 NW, OR US","2019-01-08",,,"0.36",,
"US1ORMT0083","PORTLAND 4.1 NW, OR US","2019-01-09",,,"0.15",,
"US1ORMT0083","PORTLAND 4.1 NW, OR US","2019-01-10",,,"0.32",,
"US1ORMT0083","PORTLAND 4.1 NW, OR US","2019-01-11",,,"0.04",,
"US1ORMT0083","PORTLAND 4.1 NW, OR US","2019-01-17",,,"0.27",,
"US1ORMT0083","PORTLAND 4.1 NW, OR US","2019-01-18",,,"0.06",,
"US1ORMT0083","PORTLAND 4.1 NW, OR US","2019-01-19",,,"1.30",,
"US1ORMT0083","PORTLAND 4.1 NW, OR US","2019-01-20",,,"0.15",,
"US1ORMT0083","PORTLAND 4.1 NW, OR US","2019-01-21",,,"0.32",,
"US1ORMT0083","PORTLAND 4.1 NW, OR US","2019-01-22",,,"0.09",,
"US1ORMT0083","PORTLAND 4.1 NW, OR US","2019-01-23",,,"0.45",,
"US1ORMT0083","PORTLAND 4.1 NW, OR US","2019-01-24",,,"0.02",,
"US1ORMT0083","PORTLAND 4.1 NW, OR US","2019-02-02",,,"0.16",,
"US1ORMT0083","PORTLAND 4.1 NW, OR US","2019-02-04",,,"0.08",,
"US1ORMT0083","PORTLAND 4.1 NW, OR US","2019-02-05",,,"0.21","1.5",
"US1ORMT0083","PORTLAND 4.1 NW, OR US","2019-02-09",,,"0.44","1.0",
"US1ORMT0083","PORTLAND 4.1 NW, OR US","2019-02-11",,,"0.34",,
"US1ORMT0083","PORTLAND 4.1 NW, OR US","2019-02-12",,,"1.97",,
"US1ORMT0083","PORTLAND 4.1 NW, OR US","2019-02-13",,,"1.01",,
"US1ORMT0083","PORTLAND 4.1 NW, OR US","2019-02-14",,,"0.11",,
"US1ORMT0083","PORTLAND 4.1 NW, OR US","2019-02-15",,,"0.43",,
"US1ORMT0083","PORTLAND 4.1 NW, OR US","2019-02-16",,,"0.13",,
"US1ORMT0083","PORTLAND 4.1 NW, OR US","2019-02-17",,,"0.05",,
"US1ORMT0083","PORTLAND 4.1 NW, OR US","2019-02-19",,,"0.03",,
"US1ORMT0083","PORTLAND 4.1 NW, OR US","2019-02-20",,,"0.27",,
"US1ORMT0083","PORTLAND 4.1 NW, OR US","2019-02-23",,,"0.34",,
"US1ORMT0083","PORTLAND 4.1 NW, OR US","2019-02-24",,,"0.53",,
"US1ORMT0083","PORTLAND 4.1 NW, OR US","2019-02-26",,,"0.06",,
"US1ORMT0083","PORTLAND 4.1 NW, OR US","2019-03-07",,,"0.21",,
"US1ORMT0083","PORTLAND 4.1 NW, OR US","2019-03-08",,,"0.19",,
"US1ORMT0083","PORTLAND 4.1 NW, OR US","2019-03-09",,,"0.12",,
"US1ORMT0083","PORTLAND 4.1 NW, OR US","2019-03-12",,,"0.79",,
"US1ORMT0083","PORTLAND 4.1 NW, OR US","2019-03-13",,,"0.14",,
"US1ORMT0083","PORTLAND 4.1 NW, OR US","2019-03-23",,,"0.10",,
"US1ORMT0083","PORTLAND 4.1 NW, OR US","2019-03-26",,,"0.37",,
"US1ORMT0083","PORTLAND 4.1 NW, OR US","2019-03-28",,,"0.33",,
"US1ORMT0083","PORTLAND 4.1 NW, OR US","2019-03-29",,,"0.09",,
"US1ORMT0083","PORTLAND 4.1 NW, OR US","2019-04-03",,,"0.15",,
"US1ORMT0083","PORTLAND 4.1 NW, OR US","2019-04-05",,,"0.27",,
"US1ORMT0083","PORTLAND 4.1 NW, OR US","2019-04-06",,,"0.58",,
"US1ORMT0083","PORTLAND 4.1 NW, OR US","2019-04-07",,,"1.08",,
"US1ORMT0083","PORTLAND 4.1 NW, OR US","2019-04-08",,,"0.39",,
"US1ORMT0083","PORTLAND 4.1 NW, OR US","2019-04-09",,,"0.14",,
"US1ORMT0083","PORTLAND 4.1 NW, OR US","2019-04-10",,,"0.05",,
"US1ORMT0083","PORTLAND 4.1 NW, OR US","2019-04-11",,,"0.18",,
"US1ORMT0083","PORTLAND 4.1 NW, OR US","2019-04-12",,,"0.04",,
"US1ORMT0083","PORTLAND 4.1 NW, OR US","2019-04-14",,,"0.28",,
"US1ORMT0083","PORTLAND 4.1 NW, OR US","2019-04-15",,,"0.13",,
"US1ORMT0083","PORTLAND 4.1 NW, OR US","2019-04-16",,,"0.20",,
"US1ORMT0083","PORTLAND 4.1 NW, OR US","2019-04-17",,,"0.09",,
"US1ORMT0083","PORTLAND 4.1 NW, OR US","2019-04-20",,,"0.29",,
"US1ORMT0083","PORTLAND 4.1 NW, OR US","2019-04-23",,,"0.05",,
"US1ORMT0083","PORTLAND 4.1 NW, OR US","2019-04-27",,,"0.01",,
"US1ORMT0083","PORTLAND 4.1 NW, OR US","2019-05-15",,,"0.20",,
"US1ORMT0083","PORTLAND 4.1 NW, OR US","2019-05-16",,,"0.19",,
"US1ORMT0083","PORTLAND 4.1 NW, OR US","2019-05-19",,,"0.91",,
"US1ORMT0083","PORTLAND 4.1 NW, OR US","2019-05-21",,,"0.10",,
"US1ORMT0083","PORTLAND 4.1 NW, OR US","2019-05-22",,,"0.02",,
"US1ORMT0083","PORTLAND 4.1 NW, OR US","2019-05-23",,,"0.18",,
"US1ORMT0083","PORTLAND 4.1 NW, OR US","2019-05-25",,,"0.09",,
"US1ORMT0083","PORTLAND 4.1 NW, OR US","2019-05-26",,,"0.40",,
"US1ORMT0083","PORTLAND 4.1 NW, OR US","2019-06-06",,,"0.00",,
"US1ORMT0083","PORTLAND 4.1 NW, OR US","2019-06-07",,,"0.03",,
"US1ORMT0083","PORTLAND 4.1 NW, OR US","2019-06-08",,,"0.12",,
"US1ORMT0083","PORTLAND 4.1 NW, OR US","2019-06-21",,,"0.13",,
"US1ORMT0083","PORTLAND 4.1 NW, OR US","2019-06-25",,,"0.03",,
"US1ORMT0083","PORTLAND 4.1 NW, OR US","2019-06-27",,,"0.16",,
"US1ORMT0083","PORTLAND 4.1 NW, OR US","2019-06-28",,,"0.16",,
"US1ORMT0083","PORTLAND 4.1 NW, OR US","2019-07-02",,,"0.51",,
"US1ORMT0083","PORTLAND 4.1 NW, OR US","2019-07-06",,,"0.02",,
"US1ORMT0083","PORTLAND 4.1 NW, OR US","2019-07-10",,,"0.24",,
"US1ORMT0083","PORTLAND 4.1 NW, OR US","2019-07-15",,,"0.00",,
"US1ORMT0083","PORTLAND 4.1 NW, OR US","2019-07-16",,,"0.05",,
"US1ORMT0083","PORTLAND 4.1 NW, OR US","2019-08-11",,,"0.35",,
"US1ORMT0083","PORTLAND 4.1 NW, OR US","2019-08-22",,,"0.09",,
"US1ORMT0083","PORTLAND 4.1 NW, OR US","2019-08-29",,,"0.04",,
"US1ORMT0083","PORTLAND 4.1 NW, OR US","2019-09-08",,,"0.19",,
"US1ORMT0083","PORTLAND 4.1 NW, OR US","2019-09-09",,,"0.20",,
"US1ORMT0083","PORTLAND 4.1 NW, OR US","2019-09-10",,,"0.27",,
"US1ORMT0083","PORTLAND 4.1 NW, OR US","2019-09-11",,,"0.25",,
"US1ORMT0083","PORTLAND 4.1 NW, OR US","2019-09-16",,,"1.03",,
"US1ORMT0083","PORTLAND 4.1 NW, OR US","2019-09-17",,,"0.06",,
"US1ORMT0083","PORTLAND 4.1 NW, OR US","2019-09-18",,,"1.58",,
"US1ORMT0083","PORTLAND 4.1 NW, OR US","2019-09-23",,,"0.19",,
"US1ORMT0083","PORTLAND 4.1 NW, OR US","2019-09-28",,,"0.07",,
"US1ORMT0083","PORTLAND 4.1 NW, OR US","2019-09-29",,,"0.34",,
"US1ORMT0083","PORTLAND 4.1 NW, OR US","2019-09-30",,,"0.21",,
"US1ORMT0083","PORTLAND 4.1 NW, OR US","2019-10-04",,,"0.31",,
"US1ORMT0083","PORTLAND 4.1 NW, OR US","2019-10-05",,,"0.05",,
"US1ORMT0083","PORTLAND 4.1 NW, OR US","2019-10-08",,,"0.07",,
"US1ORMT0083","PORTLAND 4.1 NW, OR US","2019-10-17",,,"0.50",,
"US1ORMT0083","PORTLAND 4.1 NW, OR US","2019-10-18",,,"0.54",,
"US1ORMT0083","PORTLAND 4.1 NW, OR US","2019-10-19",,,"0.50",,
"US1ORMT0083","PORTLAND 4.1 NW, OR US","2019-10-20",,,"0.14",,
"US1ORMT0083","PORTLAND 4.1 NW, OR US","2019-10-21",,,"0.03",,
"US1ORMT0083","PORTLAND 4.1 NW, OR US","2019-10-22",,,"0.10",,
"US1ORMT0083","PORTLAND 4.1 NW, OR US","2019-10-26",,,"0.10",,
"US1ORMT0083","PORTLAND 4.1 NW, OR US","2019-11-10",,,"0.27",,
"US1ORMT0083","PORTLAND 4.1 NW, OR US","2019-11-13",,,"0.17",,
"US1ORMT0083","PORTLAND 4.1 NW, OR US","2019-11-15",,,"0.32",,
"US1ORMT0083","PORTLAND 4.1 NW, OR US","2019-11-17",,,"0.01",,
"US1ORMT0083","PORTLAND 4.1 NW, OR US","2019-11-18",,,"0.10",,
"US1ORMT0083","PORTLAND 4.1 NW, OR US","2019-11-19",,,"0.63",,
"US1ORMT0083","PORTLAND 4.1 NW, OR US","2019-11-24",,,"0.08",,
"US1ORMT0083","PORTLAND 4.1 NW, OR US","2019-11-26",,,"0.13",,
"US1ORMT0083","PORTLAND 4.1 NW, OR US","2019-11-27",,,"0.13",,
"US1ORMT0083","PORTLAND 4.1 NW, OR US","2019-12-01",,,"0.07","0.0",
"US1ORMT0083","PORTLAND 4.1 NW, OR US","2019-12-02",,,"0.18",,
"US1ORMT0083","PORTLAND 4.1 NW, OR US","2019-12-07",,,"0.40",,
"US1ORMT0083","PORTLAND 4.1 NW, OR US","2019-12-08",,,"0.33",,
"US1ORMT0083","PORTLAND 4.1 NW, OR US","2019-12-11",,,"0.57",,
"US1ORMT0083","PORTLAND 4.1 NW, OR US","2019-12-12",,,"0.36",,
"US1ORMT0083","PORTLAND 4.1 NW, OR US","2019-12-13",,,"0.48",,
"US1ORMT0083","PORTLAND 4.1 NW, OR US","2019-12-15",,,"0.02",,
"US1ORMT0083","PORTLAND 4.1 NW, OR US","2019-12-19",,,"0.30",,
"US1ORMT0083","PORTLAND 4.1 NW, OR US","2019-12-20",,,"0.84",,
"US1ORMT0083","PORTLAND 4.1 NW, OR US","2019-12-21",,,"1.15",,
"US1ORMT0083","PORTLAND 4.1 NW, OR US","2019-12-22",,,"0.32",,
"US1ORMT0083","PORTLAND 4.1 NW, OR US","2019-12-23",,,"0.29",,
"US1ORMT0083","PORTLAND 4.1 NW, OR US","2019-12-27",,,"0.04",,
"US1ORMT0083","PORTLAND 4.1 NW, OR US","2019-12-30",,,"0.09",,
"US1ORMT0083","PORTLAND 4.1 NW, OR US","2020-01-02",,,"0.50",,
"US1ORMT0083","PORTLAND 4.1 NW, OR US","2020-01-04",,,"0.25",,
"US1ORMT0083","PORTLAND 4.1 NW, OR US","2020-01-05",,,"0.17",,
"US1ORMT0083","PORTLAND 4.1 NW, OR US","2020-01-06",,,"0.66",,
"US1ORMT0083","PORTLAND 4.1 NW, OR US","2020-01-07",,,"0.25",,
"US1ORMT0083","PORTLAND 4.1 NW, OR US","2020-01-08",,,"0.31",,
"US1ORMT0083","PORTLAND 4.1 NW, OR US","2020-01-09",,,"0.14",,
"US1ORMT0083","PORTLAND 4.1 NW, OR US","2020-01-10",,,"0.09",,
"US1ORMT0083","PORTLAND 4.1 NW, OR US","2020-01-12",,,"0.44",,
"US1ORMT0083","PORTLAND 4.1 NW, OR US","2020-01-13",,,"0.35",,
"US1ORMT0083","PORTLAND 4.1 NW, OR US","2020-01-14",,,"0.22",,
"US1ORMT0083","PORTLAND 4.1 NW, OR US","2020-01-15",,,"0.01",,
"US1ORMT0083","PORTLAND 4.1 NW, OR US","2020-01-16",,,"0.47",,
"US1ORMT0083","PORTLAND 4.1 NW, OR US","2020-01-17",,,"0.09",,
"US1ORMT0083","PORTLAND 4.1 NW, OR US","2020-01-18",,,"0.68",,
"US1ORMT0083","PORTLAND 4.1 NW, OR US","2020-01-19",,,"0.17",,
"US1ORMT0083","PORTLAND 4.1 NW, OR US","2020-01-21",,,"0.18",,
"US1ORMT0083","PORTLAND 4.1 NW, OR US","2020-01-22",,,"0.31",,
"US1ORMT0083","PORTLAND 4.1 NW, OR US","2020-01-23",,,"0.10",,
"US1ORMT0083","PORTLAND 4.1 NW, OR US","2020-01-24",,,"1.17",,
"US1ORMT0083","PORTLAND 4.1 NW, OR US","2020-01-25",,,"0.23",,
"US1ORMT0083","PORTLAND 4.1 NW, OR US","2020-01-26",,,"0.18",,
"US1ORMT0083","PORTLAND 4.1 NW, OR US","2020-01-27",,,"0.42",,
"US1ORMT0083","PORTLAND 4.1 NW, OR US","2020-01-28",,,"1.30",,
"US1ORMT0083","PORTLAND 4.1 NW, OR US","2020-01-29",,,"0.28",,
"US1ORMT0083","PORTLAND 4.1 NW, OR US","2020-01-30",,,"0.50",,
"US1ORMT0083","PORTLAND 4.1 NW, OR US","2020-01-31",,,"0.20",,
"US1ORMT0083","PORTLAND 4.1 NW, OR US","2020-02-01",,,"0.19",,
"US1ORMT0083","PORTLAND 4.1 NW, OR US","2020-02-02",,,"0.07",,
"US1ORMT0083","PORTLAND 4.1 NW, OR US","2020-02-05",,,"0.12",,
"US1ORMT0083","PORTLAND 4.1 NW, OR US","2020-02-07",,,"0.02",,
"US1ORMT0083","PORTLAND 4.1 NW, OR US","2020-02-08",,,"0.20",,
"US1ORMT0083","PORTLAND 4.1 NW, OR US","2020-02-14",,,"0.12",,
"US1ORMT0083","PORTLAND 4.1 NW, OR US","2020-02-15",,,"0.12",,
"US1ORMT0083","PORTLAND 4.1 NW, OR US","2020-02-16",,,"0.76",,
"US1ORMT0083","PORTLAND 4.1 NW, OR US","2020-02-24",,,"0.20",,
"US1ORMT0083","PORTLAND 4.1 NW, OR US","2020-02-29",,,"0.27",,
"US1ORMT0083","PORTLAND 4.1 NW, OR US","2020-03-01",,,"0.07",,
"US1ORMT0083","PORTLAND 4.1 NW, OR US","2020-03-02",,,"0.02",,
"US1ORMT0083","PORTLAND 4.1 NW, OR US","2020-03-07",,,"0.55",,
"US1ORMT0083","PORTLAND 4.1 NW, OR US","2020-03-08",,,"0.07",,
"US1ORMT0083","PORTLAND 4.1 NW, OR US","2020-03-14",,,"0.62",,
"US1ORMT0083","PORTLAND 4.1 NW, OR US","2020-03-15",,,"0.14","1.8",
"US1ORMT0083","PORTLAND 4.1 NW, OR US","2020-03-24",,,"0.20",,
"US1ORMT0083","PORTLAND 4.1 NW, OR US","2020-03-25",,,"0.10",,
"US1ORMT0083","PORTLAND 4.1 NW, OR US","2020-03-26",,,"0.09",,
"US1ORMT0083","PORTLAND 4.1 NW, OR US","2020-03-27",,,"0.02",,
"US1ORMT0083","PORTLAND 4.1 NW, OR US","2020-03-28",,,"0.20",,
"US1ORMT0083","PORTLAND 4.1 NW, OR US","2020-03-29",,,"0.34",,
"US1ORMT0083","PORTLAND 4.1 NW, OR US","2020-03-30",,,"0.42",,
"US1ORMT0083","PORTLAND 4.1 NW, OR US","2020-03-31",,,"0.16",,
"US1ORMT0083","PORTLAND 4.1 NW, OR US","2020-04-01",,,"0.12",,
"US1ORMT0083","PORTLAND 4.1 NW, OR US","2020-04-05",,,"0.16",,
"US1ORMT0083","PORTLAND 4.1 NW, OR US","2020-04-19",,,"0.12",,
"US1ORMT0083","PORTLAND 4.1 NW, OR US","2020-04-22",,,"0.07",,
"US1ORMT0083","PORTLAND 4.1 NW, OR US","2020-04-23",,,"0.21",,
"US1ORMT0083","PORTLAND 4.1 NW, OR US","2020-04-26",,,"0.24",,
"US1ORMT0083","PORTLAND 4.1 NW, OR US","2020-04-27",,,"0.11",,
"US1ORMT0083","PORTLAND 4.1 NW, OR US","2020-04-30",,,"0.03",,
"US1ORMT0083","PORTLAND 4.1 NW, OR US","2020-05-02",,,"0.08",,
"US1ORMT0083","PORTLAND 4.1 NW, OR US","2020-05-03",,,"0.46",,
"US1ORMT0083","PORTLAND 4.1 NW, OR US","2020-05-04",,,"0.40",,
"US1ORMT0083","PORTLAND 4.1 NW, OR US","2020-05-05",,,"0.08",,
"US1ORMT0083","PORTLAND 4.1 NW, OR US","2020-05-07",,,"0.09",,
"US1ORMT0083","PORTLAND 4.1 NW, OR US","2020-05-12",,,"0.14",,
"US1ORMT0083","PORTLAND 4.1 NW, OR US","2020-05-13",,,"0.10",,
"US1ORMT0083","PORTLAND 4.1 NW, OR US","2020-05-15",,,"0.65",,
"US1ORMT0083","PORTLAND 4.1 NW, OR US","2020-05-17",,,"0.18",,
"US1ORMT0083","PORTLAND 4.1 NW, OR US","2020-05-18",,,"0.08",,
"US1ORMT0083","PORTLAND 4.1 NW, OR US","2020-05-19",,,"0.52",,
"US1ORMT0083","PORTLAND 4.1 NW, OR US","2020-05-21",,,"0.08",,
"US1ORMT0083","PORTLAND 4.1 NW, OR US","2020-05-22",,,"0.06",,
"US1ORMT0083","PORTLAND 4.1 NW, OR US","2020-05-23",,,"0.04",,
"US1ORMT0083","PORTLAND 4.1 NW, OR US","2020-05-31",,,"0.31",,
"US1ORMT0083","PORTLAND 4.1 NW, OR US","2020-06-06",,,"0.40",,
"US1ORMT0083","PORTLAND 4.1 NW, OR US","2020-06-07",,,"0.45",,
"US1ORMT0083","PORTLAND 4.1 NW, OR US","2020-06-08",,,"0.23",,
"US1ORMT0083","PORTLAND 4.1 NW, OR US","2020-06-09",,,"0.56",,
"US1ORMT0083","PORTLAND 4.1 NW, OR US","2020-06-10",,,"0.10",,
"US1ORMT0083","PORTLAND 4.1 NW, OR US","2020-06-13",,,"0.13",,
"US1ORMT0083","PORTLAND 4.1 NW, OR US","2020-06-14",,,"0.34",,
"US1ORMT0083","PORTLAND 4.1 NW, OR US","2020-06-15",,,"0.27",,
"US1ORMT0083","PORTLAND 4.1 NW, OR US","2020-06-16",,,"0.22",,
"US1ORMT0083","PORTLAND 4.1 NW, OR US","2020-06-17",,,"0.16",,
"US1ORMT0083","PORTLAND 4.1 NW, OR US","2020-06-21",,,"0.20",,
"US1ORMT0083","PORTLAND 4.1 NW, OR US","2020-07-01",,,"0.02",,
"US1ORMT0083","PORTLAND 4.1 NW, OR US","2020-07-07",,,"0.01",,
"US1ORMT0083","PORTLAND 4.1 NW, OR US","2020-07-08",,,"0.04",,
"US1ORMT0083","PORTLAND 4.1 NW, OR US","2020-08-07",,,"0.08",,
"US1ORMT0083","PORTLAND 4.1 NW, OR US","2020-08-21",,,"0.03",,
"US1ORMT0083","PORTLAND 4.1 NW, OR US","2020-08-22",,,"0.09",,
"US1ORMT0083","PORTLAND 4.1 NW, OR US","2020-09-18",,,"0.19",,
"US1ORMT0083","PORTLAND 4.1 NW, OR US","2020-09-19",,,"0.20",,
"US1ORMT0083","PORTLAND 4.1 NW, OR US","2020-09-24",,,"0.72",,
"US1ORMT0083","PORTLAND 4.1 NW, OR US","2020-09-25",,,"0.12",,
"US1ORMT0083","PORTLAND 4.1 NW, OR US","2020-09-26",,,"0.87",,
"US1ORMT0083","PORTLAND 4.1 NW, OR US","2020-09-27",,,"0.02",,
"US1ORMT0083","PORTLAND 4.1 NW, OR US","2020-10-10",,,"0.86",,
"US1ORMT0083","PORTLAND 4.1 NW, OR US","2020-10-11",,,"0.10",,
"US1ORMT0083","PORTLAND 4.1 NW, OR US","2020-10-12",,,"0.53",,
"US1ORMT0083","PORTLAND 4.1 NW, OR US","2020-10-14",,,"0.28",,
"US1ORMT0083","PORTLAND 4.1 NW, OR US","2020-10-22",,,"0.02",,
"US1ORMT0083","PORTLAND 4.1 NW, OR US","2020-10-31",,,"0.09",,
"US1ORMT0083","PORTLAND 4.1 NW, OR US","2020-11-04",,,"0.29",,
"US1ORMT0083","PORTLAND 4.1 NW, OR US","2020-11-05",,,"0.04",,
"US1ORMT0083","PORTLAND 4.1 NW, OR US","2020-11-06",,,"0.78",,
"US1ORMT0083","PORTLAND 4.1 NW, OR US","2020-11-07",,,"0.17",,
"US1ORMT0083","PORTLAND 4.1 NW, OR US","2020-11-08",,,"0.05",,
"US1ORMT0083","PORTLAND 4.1 NW, OR US","2020-11-10",,,"0.08",,
"US1ORMT0083","PORTLAND 4.1 NW, OR US","2020-11-13",,,"1.05",,
"US1ORMT0083","PORTLAND 4.1 NW, OR US","2020-11-14",,,"0.36",,
"US1ORMT0083","PORTLAND 4.1 NW, OR US","2020-11-15",,,"0.81",,
"US1ORMT0083","PORTLAND 4.1 NW, OR US","2020-11-16",,,"0.10",,
"US1ORMT0083","PORTLAND 4.1 NW, OR US","2020-11-17",,,"0.11",,
"US1ORMT0083","PORTLAND 4.1 NW, OR US","2020-11-18",,,"0.53",,
"US1ORMT0083","PORTLAND 4.1 NW, OR US","2020-11-19",,,"1.22",,
"US1ORMT0083","PORTLAND 4.1 NW, OR US","2020-11-20",,,"0.04",,
"US1ORMT0083","PORTLAND 4.1 NW, OR US","2020-11-23",,,"0.16",,
"US1ORMT0083","PORTLAND 4.1 NW, OR US","2020-11-24",,,"0.10",,
"US1ORMT0083","PORTLAND 4.1 NW, OR US","2020-11-25",,,"0.38",,
"US1ORMT0083","PORTLAND 4.1 NW, OR US","2020-11-28",,,"0.10",,
"US1ORMT0083","PORTLAND 4.1 NW, OR US","2020-11-30",,,"0.31",,
"US1ORMT0083","PORTLAND 4.1 NW, OR US","2020-12-01",,,"0.08",,
"US1ORMT0083","PORTLAND 4.1 NW, OR US","2020-12-06",,,"0.10",,
"US1ORMT0083","PORTLAND 4.1 NW, OR US","2020-12-09",,,"0.22",,
"US1ORMT0083","PORTLAND 4.1 NW, OR US","2020-12-10",,,"0.03",,
"US1ORMT0083","PORTLAND 4.1 NW, OR US","2020-12-11",,,"0.06",,
"US1ORMT0083","PORTLAND 4.1 NW, OR US","2020-12-12",,,"0.40",,
"US1ORMT0083","PORTLAND 4.1 NW, OR US","2020-12-13",,,"0.37",,
"US1ORMT0083","PORTLAND 4.1 NW, OR US","2020-12-14",,,"0.11",,
"US1ORMT0083","PORTLAND 4.1 NW, OR US","2020-12-15",,,"0.10",,
"US1ORMT0083","PORTLAND 4.1 NW, OR US","2020-12-16",,,"0.07",,
"US1ORMT0083","PORTLAND 4.1 NW, OR US","2020-12-17",,,"0.45",,
"US1ORMT0083","PORTLAND 4.1 NW, OR US","2020-12-19",,,"0.20",,
"US1ORMT0083","PORTLAND 4.1 NW, OR US","2020-12-20",,,"1.21",,
"US1ORMT0083","PORTLAND 4.1 NW, OR US","2020-12-21",,,"0.74",,
"US1ORMT0083","PORTLAND 4.1 NW, OR US","2020-12-22",,,"0.23",,
"US1ORMT0083","PORTLAND 4.1 NW, OR US","2020-12-26",,,"0.72",,
"US1ORMT0083","PORTLAND 4.1 NW, OR US","2020-12-27",,,"0.10",,
"US1ORMT0083","PORTLAND 4.1 NW, OR US","2020-12-30",,,"0.13",,
"US1ORMT0083","PORTLAND 4.1 NW, OR US","2020-12-31",,,"0.73",,
"US1ORMT0083","PORTLAND 4.1 NW, OR US","2021-01-01",,,"0.13",,
"US1ORMT0083","PORTLAND 4.1 NW, OR US","2021-01-02",,,"0.50",,
"US1ORMT0083","PORTLAND 4.1 NW, OR US","2021-01-03",,,"1.09",,
"US1ORMT0083","PORTLAND 4.1 NW, OR US","2021-01-04",,,"0.52",,
"US1ORMT0083","PORTLAND 4.1 NW, OR US","2021-01-05",,,"0.44",,
"US1ORMT0083","PORTLAND 4.1 NW, OR US","2021-01-06",,,"0.36",,
"US1ORMT0083","PORTLAND 4.1 NW, OR US","2021-01-07",,,"0.66",,
"US1ORMT0083","PORTLAND 4.1 NW, OR US","2021-01-08",,,"0.24",,
"US1ORMT0083","PORTLAND 4.1 NW, OR US","2021-01-09",,,"0.02",,
"US1ORMT0083","PORTLAND 4.1 NW, OR US","2021-01-10",,,"0.16",,
"US1ORMT0083","PORTLAND 4.1 NW, OR US","2021-01-12",,,"1.12",,
"US1ORMT0083","PORTLAND 4.1 NW, OR US","2021-01-13",,,"1.60",,
"US1ORMT0083","PORTLAND 4.1 NW, OR US","2021-01-15",,,"0.17",,
"US1ORMT0083","PORTLAND 4.1 NW, OR US","2021-01-17",,,"0.05",,
"US1ORMT0083","PORTLAND 4.1 NW, OR US","2021-01-21",,,"0.12",,
"US1ORMT0083","PORTLAND 4.1 NW, OR US","2021-01-24",,,"0.02",,
"US1ORMT0083","PORTLAND 4.1 NW, OR US","2021-01-25",,,"0.30","0.0",
"US1ORMT0083","PORTLAND 4.1 NW, OR US","2021-01-26",,,"0.02",,
"US1ORMT0083","PORTLAND 4.1 NW, OR US","2021-01-27",,,"0.41",,"0.3"
"US1ORMT0083","PORTLAND 4.1 NW, OR US","2021-01-28",,,"0.17",,
"US1ORMT0083","PORTLAND 4.1 NW, OR US","2021-01-30",,,"0.18",,
"US1ORMT0083","PORTLAND 4.1 NW, OR US","2021-01-31",,,"0.29",,
"US1ORMT0083","PORTLAND 4.1 NW, OR US","2021-02-01",,,"0.29",,
"US1ORMT0083","PORTLAND 4.1 NW, OR US","2021-02-02",,,"0.56",,
"US1ORMT0083","PORTLAND 4.1 NW, OR US","2021-02-03",,,"0.64",,
"US1ORMT0083","PORTLAND 4.1 NW, OR US","2021-02-05",,,"0.11",,
"US1ORMT0083","PORTLAND 4.1 NW, OR US","2021-02-07",,,"0.10",,
"US1ORMT0083","PORTLAND 4.1 NW, OR US","2021-02-11",,,"0.04",,
"US1ORMT0083","PORTLAND 4.1 NW, OR US","2021-02-12",,,"0.18","1.0",
"US1ORMT0083","PORTLAND 4.1 NW, OR US","2021-02-13",,,"1.86","6.1",
"US1ORMT0083","PORTLAND 4.1 NW, OR US","2021-02-14",,,"0.16","1.5",
"US1ORMT0083","PORTLAND 4.1 NW, OR US","2021-02-19",,,"0.40",,
"US1ORMT0083","PORTLAND 4.1 NW, OR US","2021-02-24",,,"0.08",,
"US1ORMT0083","PORTLAND 4.1 NW, OR US","2021-02-25",,,"0.06",,
"US1ORMT0083","PORTLAND 4.1 NW, OR US","2021-02-27",,,"0.54",,
"US1ORMT0083","PORTLAND 4.1 NW, OR US","2021-03-05",,,"0.05",,
"US1ORMT0083","PORTLAND 4.1 NW, OR US","2021-03-06",,,"0.20",,
"US1ORMT0083","PORTLAND 4.1 NW, OR US","2021-03-07",,,"0.11",,
"US1ORMT0083","PORTLAND 4.1 NW, OR US","2021-03-08",,,"0.18",,
"US1ORMT0083","PORTLAND 4.1 NW, OR US","2021-03-09",,,"0.03",,
"US1ORMT0083","PORTLAND 4.1 NW, OR US","2021-03-10",,,"0.02",,
"US1ORMT0083","PORTLAND 4.1 NW, OR US","2021-03-15",,,"0.18",,
"US1ORMT0083","PORTLAND 4.1 NW, OR US","2021-03-19",,,"0.30",,
"US1ORMT0083","PORTLAND 4.1 NW, OR US","2021-03-20",,,"0.11",,
"US1ORMT0083","PORTLAND 4.1 NW, OR US","2021-03-21",,,"0.26",,
"US1ORMT0083","PORTLAND 4.1 NW, OR US","2021-03-22",,,"0.30",,
"US1ORMT0083","PORTLAND 4.1 NW, OR US","2021-03-23",,,"0.05",,
"US1ORMT0083","PORTLAND 4.1 NW, OR US","2021-03-26",,,"0.13",,
"US1ORMT0083","PORTLAND 4.1 NW, OR US","2021-03-29",,,"0.31",,
"US1ORMT0083","PORTLAND 4.1 NW, OR US","2021-04-08",,,"0.11",,
"US1ORMT0083","PORTLAND 4.1 NW, OR US","2021-04-27",,,"0.12",,
"US1ORMT0083","PORTLAND 4.1 NW, OR US","2021-05-04",,,"0.07",,
"US1ORMT0083","PORTLAND 4.1 NW, OR US","2021-05-19",,,"0.03",,
"US1ORMT0083","PORTLAND 4.1 NW, OR US","2021-09-27",,,"0.53",,
"US1ORMT0083","PORTLAND 4.1 NW, OR US","2021-09-28",,,"0.61",,
"US1ORMT0083","PORTLAND 4.1 NW, OR US","2021-09-29",,,"0.11",,
"US1ORMT0083","PORTLAND 4.1 NW, OR US","2021-10-01",,,"0.11",,
"US1ORMT0083","PORTLAND 4.1 NW, OR US","2021-10-06",,,"0.51",,
"US1ORMT0083","PORTLAND 4.1 NW, OR US","2021-10-07",,,"0.22",,
"US1ORMT0083","PORTLAND 4.1 NW, OR US","2021-10-10",,,"0.08",,
"US1ORMT0083","PORTLAND 4.1 NW, OR US","2021-10-11",,,"0.05",,
"US1ORMT0083","PORTLAND 4.1 NW, OR US","2021-10-13",,,"0.18",,
"US1ORMT0083","PORTLAND 4.1 NW, OR US","2021-10-14",,,"0.12",,
"US1ORMT0083","PORTLAND 4.1 NW, OR US","2021-10-18",,,"0.03",,
"US1ORMT0083","PORTLAND 4.1 NW, OR US","2021-10-20",,,"0.23",,
"US1ORMT0083","PORTLAND 4.1 NW, OR US","2021-10-21",,,"0.03",,
"US1ORMT0083","PORTLAND 4.1 NW, OR US","2021-10-22",,,"0.81",,
"US1ORMT0083","PORTLAND 4.1 NW, OR US","2021-10-23",,,"0.76",,
"US1ORMT0083","PORTLAND 4.1 NW, OR US","2021-10-24",,,"0.24",,
"US1ORMT0083","PORTLAND 4.1 NW, OR US","2021-10-25",,,"0.24",,
"US1ORMT0083","PORTLAND 4.1 NW, OR US","2021-10-26",,,"0.32",,
"US1ORMT0083","PORTLAND 4.1 NW, OR US","2021-10-27",,,"0.21",,
"US1ORMT0083","PORTLAND 4.1 NW, OR US","2021-10-28",,,"0.08",,
"US1ORMT0083","PORTLAND 4.1 NW, OR US","2021-10-29",,,"0.62",,
"US1ORMT0083","PORTLAND 4.1 NW, OR US","2021-11-02",,,"0.23",,
"US1ORMT0083","PORTLAND 4.1 NW, OR US","2021-11-03",,,"0.07",,
"US1ORMT0083","PORTLAND 4.1 NW, OR US","2021-11-04",,,"0.48",,
"US1ORMT0083","PORTLAND 4.1 NW, OR US","2021-11-05",,,"0.46",,
"US1ORMT0083","PORTLAND 4.1 NW, OR US","2021-11-06",,,"0.28",,
"US1ORMT0083","PORTLAND 4.1 NW, OR US","2021-11-07",,,"0.30",,
"US1ORMT0083","PORTLAND 4.1 NW, OR US","2021-11-08",,,"0.22",,
"US1ORMT0083","PORTLAND 4.1 NW, OR US","2021-11-09",,,"0.32",,
"US1ORMT0083","PORTLAND 4.1 NW, OR US","2021-11-10",,,"0.16",,
"US1ORMT0083","PORTLAND 4.1 NW, OR US","2021-11-11",,,"0.56",,
"US1ORMT0083","PORTLAND 4.1 NW, OR US","2021-11-12",,,"1.10",,
"US1ORMT0083","PORTLAND 4.1 NW, OR US","2021-11-13",,,"0.63",,
"US1ORMT0083","PORTLAND 4.1 NW, OR US","2021-11-16",,,"0.25",,
"US1ORMT0083","PORTLAND 4.1 NW, OR US","2021-11-17",,,"0.00",,
"US1ORMT0083","PORTLAND 4.1 NW, OR US","2021-11-18",,,"0.02",,
"US1ORMT0083","PORTLAND 4.1 NW, OR US","2021-11-19",,,"0.45",,
"US1ORMT0083","PORTLAND 4.1 NW, OR US","2021-11-20",,,"0.02",,
"US1ORMT0083","PORTLAND 4.1 NW, OR US","2021-11-23",,,"0.42",,
"US1ORMT0083","PORTLAND 4.1 NW, OR US","2021-11-24",,,"0.04",,
"US1ORMT0083","PORTLAND 4.1 NW, OR US","2021-11-26",,,"0.25",,
"US1ORMT0083","PORTLAND 4.1 NW, OR US","2021-11-27",,,"0.10",,
"US1ORMT0083","PORTLAND 4.1 NW, OR US","2021-11-28",,,"0.21",,
"US1ORMT0083","PORTLAND 4.1 NW, OR US","2021-11-29",,,"0.15",,
"US1ORMT0083","PORTLAND 4.1 NW, OR US","2021-12-05",,,"0.19",,
"US1ORMT0083","PORTLAND 4.1 NW, OR US","2021-12-06",,,"0.30",,
"US1ORMT0083","PORTLAND 4.1 NW, OR US","2021-12-07",,,"0.45",,
"US1ORMT0083","PORTLAND 4.1 NW, OR US","2021-12-08",,,"0.11",,
"US1ORMT0083","PORTLAND 4.1 NW, OR US","2021-12-09",,,"0.05",,
"US1ORMT0083","PORTLAND 4.1 NW, OR US","2021-12-10",,,"0.07",,
"US1ORMT0083","PORTLAND 4.1 NW, OR US","2021-12-11",,,"0.61",,
"US1ORMT0083","PORTLAND 4.1 NW, OR US","2021-12-12",,,"0.79",,
"US1ORMT0083","PORTLAND 4.1 NW, OR US","2021-12-13",,,"0.60",,
"US1ORMT0083","PORTLAND 4.1 NW, OR US","2021-12-14",,,"0.24",,
"US1ORMT0083","PORTLAND 4.1 NW, OR US","2021-12-15",,,"0.02",,
"US1ORMT0083","PORTLAND 4.1 NW, OR US","2021-12-16",,,"0.51",,
"US1ORMT0083","PORTLAND 4.1 NW, OR US","2021-12-17",,,"0.19",,
"US1ORMT0083","PORTLAND 4.1 NW, OR US","2021-12-19",,,"1.65",,
"US1ORMT0083","PORTLAND 4.1 NW, OR US","2021-12-20",,,"0.95",,
"US1ORMT0083","PORTLAND 4.1 NW, OR US","2021-12-21",,,"0.26",,
"US1ORMT0083","PORTLAND 4.1 NW, OR US","2021-12-22",,,"0.16",,
"US1ORMT0083","PORTLAND 4.1 NW, OR US","2021-12-23",,,"0.42",,
"US1ORMT0083","PORTLAND 4.1 NW, OR US","2021-12-24",,,"0.49",,
"US1ORMT0083","PORTLAND 4.1 NW, OR US","2021-12-25",,,"0.21",,
"US1ORMT0083","PORTLAND 4.1 NW, OR US","2021-12-26",,,"0.15","0.8",
"US1ORMT0083","PORTLAND 4.1 NW, OR US","2021-12-27",,,"0.04","0.0",
"US1ORMT0083","PORTLAND 4.1 NW, OR US","2021-12-28",,,"0.12","1.8",
"US1ORMT0083","PORTLAND 4.1 NW, OR US","2021-12-29",,,"0.10","0.6",
"US1ORMT0083","PORTLAND 4.1 NW, OR US","2021-12-30",,,"0.10",,
"US1ORMT0083","PORTLAND 4.1 NW, OR US","2021-12-31",,,"0.27",,
"US1ORMT0083","PORTLAND 4.1 NW, OR US","2022-01-01",,,"0.00","0.0",
"US1ORMT0083","PORTLAND 4.1 NW, OR US","2022-01-03",,,"1.71",,
"US1ORMT0083","PORTLAND 4.1 NW, OR US","2022-01-04",,,"0.44",,
"US1ORMT0083","PORTLAND 4.1 NW, OR US","2022-01-05",,,"0.35",,
"US1ORMT0083","PORTLAND 4.1 NW, OR US","2022-01-06",,,"1.27",,
"US1ORMT0083","PORTLAND 4.1 NW, OR US","2022-01-07",,,"0.48",,
"US1ORMT0083","PORTLAND 4.1 NW, OR US","2022-01-08",,,"0.12",,
"US1ORMT0083","PORTLAND 4.1 NW, OR US","2022-01-11",,,"0.13",,
"US1ORMT0083","PORTLAND 4.1 NW, OR US","2022-01-13",,,"0.03",,
"US1ORMT0083","PORTLAND 4.1 NW, OR US","2022-01-14",,,"0.15",,
"US1ORMT0083","PORTLAND 4.1 NW, OR US","2022-01-19",,,"0.18",,
"US1ORMT0083","PORTLAND 4.1 NW, OR US","2022-01-20",,,"0.52",,
"US1ORMT0083","PORTLAND 4.1 NW, OR US","2022-01-31",,,"0.27",,
"US1ORMT0083","PORTLAND 4.1 NW, OR US","2022-02-01",,,"0.03",,
"US1ORMT0083","PORTLAND 4.1 NW, OR US","2022-02-02",,,"0.05",,
"US1ORMT0083","PORTLAND 4.1 NW, OR US","2022-02-03",,,"0.10",,
"US1ORMT0083","PORTLAND 4.1 NW, OR US","2022-02-15",,,"0.16",,
"US1ORMT0083","PORTLAND 4.1 NW, OR US","2022-02-16",,,"0.04",,
"US1ORMT0083","PORTLAND 4.1 NW, OR US","2022-02-27",,,"0.45",,
"US1ORMT0083","PORTLAND 4.1 NW, OR US","2022-02-28",,,"0.97",,
"US1ORMT0083","PORTLAND 4.1 NW, OR US","2022-03-01",,,"1.45","0.0",
"US1ORMT0083","PORTLAND 4.1 NW, OR US","2022-03-02",,,"0.33",,
"US1ORMT0083","PORTLAND 4.1 NW, OR US","2022-03-03",,,"0.70",,
"US1ORMT0083","PORTLAND 4.1 NW, OR US","2022-03-04",,,"0.08",,
"US1ORMT0083","PORTLAND 4.1 NW, OR US","2022-03-09",,,"0.11",,
"US1ORMT0083","PORTLAND 4.1 NW, OR US","2022-03-13",,,"0.45",,
"US1ORMT0083","PORTLAND 4.1 NW, OR US","2022-03-14",,,"0.06",,
"US1ORMT0083","PORTLAND 4.1 NW, OR US","2022-03-15",,,"0.34",,
"US1ORMT0083","PORTLAND 4.1 NW, OR US","2022-03-16",,,"0.12",,
"US1ORMT0083","PORTLAND 4.1 NW, OR US","2022-03-18",,,"0.04",,
"US1ORMT0083","PORTLAND 4.1 NW, OR US","2022-03-19",,,"0.15",,
"US1ORMT0083","PORTLAND 4.1 NW, OR US","2022-03-21",,,"0.36",,
"US1ORMT0083","PORTLAND 4.1 NW, OR US","2022-03-22",,,"0.43",,
"US1ORMT0083","PORTLAND 4.1 NW, OR US","2022-03-30",,,"0.01",,
"US1ORMT0083","PORTLAND 4.1 NW, OR US","2022-04-01",,,"0.04",,
"US1ORMT0083","PORTLAND 4.1 NW, OR US","2022-04-02",,,"0.09",,
"US1ORMT0083","PORTLAND 4.1 NW, OR US","2022-04-04",,,"0.73",,
"US1ORMT0083","PORTLAND 4.1 NW, OR US","2022-04-05",,,"0.20",,
"US1ORMT0083","PORTLAND 4.1 NW, OR US","2022-04-08",,,"0.08",,
"US1ORMT0083","PORTLAND 4.1 NW, OR US","2022-04-09",,,"0.08",,
"US1ORMT0083","PORTLAND 4.1 NW, OR US","2022-04-10",,,"0.11",,
"US1ORMT0083","PORTLAND 4.1 NW, OR US","2022-04-11",,,"1.03","3.0",
"US1ORMT0083","PORTLAND 4.1 NW, OR US","2022-04-12",,,"0.63",,
"US1ORMT0083","PORTLAND 4.1 NW, OR US","2022-04-13",,,"0.59",,
"US1ORMT0083","PORTLAND 4.1 NW, OR US","2022-04-14",,,"0.11",,
"US1ORMT0083","PORTLAND 4.1 NW, OR US","2022-04-15",,,"0.11",,
"US1ORMT0083","PORTLAND 4.1 NW, OR US","2022-04-19",,,"0.65",,
"US1ORMT0083","PORTLAND 4.1 NW, OR US","2022-04-20",,,"0.23",,
"US1ORMT0083","PORTLAND 4.1 NW, OR US","2022-04-21",,,"0.41",,
"US1ORMT0083","PORTLAND 4.1 NW, OR US","2022-04-22",,,"0.04",,
"US1ORMT0083","PORTLAND 4.1 NW, OR US","2022-04-23",,,"0.08",,
"US1ORMT0083","PORTLAND 4.1 NW, OR US","2022-04-26",,,"0.20",,
"US1ORMT0083","PORTLAND 4.1 NW, OR US","2022-04-28",,,"0.13",,
"US1ORMT0083","PORTLAND 4.1 NW, OR US","2022-04-29",,,"0.22",,
"US1ORMT0083","PORTLAND 4.1 NW, OR US","2022-05-01",,,"0.31",,
"US1ORMT0083","PORTLAND 4.1 NW, OR US","2022-05-02",,,"0.13",,
"US1ORMT0083","PORTLAND 4.1 NW, OR US","2022-05-03",,,"0.15",,
"US1ORMT0083","PORTLAND 4.1 NW, OR US","2022-05-05",,,"0.13",,
"US1ORMT0083","PORTLAND 4.1 NW, OR US","2022-05-06",,,"0.57",,
"US1ORMT0083","PORTLAND 4.1 NW, OR US","2022-05-07",,,"1.08",,
"US1ORMT0083","PORTLAND 4.1 NW, OR US","2022-05-08",,,"0.06",,
"US1ORMT0083","PORTLAND 4.1 NW, OR US","2022-05-09",,,"0.26",,
"US1ORMT0083","PORTLAND 4.1 NW, OR US","2022-05-10",,,"0.18",,
"US1ORMT0083","PORTLAND 4.1 NW, OR US","2022-05-13",,,"0.31",,
"US1ORMT0083","PORTLAND 4.1 NW, OR US","2022-05-16",,,"0.22",,
"US1ORMT0083","PORTLAND 4.1 NW, OR US","2022-05-19",,,"0.13",,
"US1ORMT0083","PORTLAND 4.1 NW, OR US","2022-05-20",,,"0.12",,
"US1ORMT0083","PORTLAND 4.1 NW, OR US","2022-05-25",,,"0.06",,
"US1ORMT0083","PORTLAND 4.1 NW, OR US","2022-05-27",,,"0.16",,
"US1ORMT0083","PORTLAND 4.1 NW, OR US","2022-06-04",,,"0.13",,
"US1ORMT0083","PORTLAND 4.1 NW, OR US","2022-06-05",,,"0.61",,
"US1ORMT0083","PORTLAND 4.1 NW, OR US","2022-06-06",,,"0.19",,
"US1ORMT0083","PORTLAND 4.1 NW, OR US","2022-06-10",,,"0.58",,
"US1ORMT0083","PORTLAND 4.1 NW, OR US","2022-06-11",,,"1.20",,
"US1ORMT0083","PORTLAND 4.1 NW, OR US","2022-06-12",,,"0.13",,
"US1ORMT0083","PORTLAND 4.1 NW, OR US","2022-06-13",,,"0.11",,
"US1ORMT0083","PORTLAND 4.1 NW, OR US","2022-06-14",,,"0.02",,
"US1ORMT0083","PORTLAND 4.1 NW, OR US","2022-06-18",,,"0.19",,
"US1ORMT0083","PORTLAND 4.1 NW, OR US","2022-06-19",,,"0.03",,
"US1ORMT0083","PORTLAND 4.1 NW, OR US","2022-09-12",,,"0.04",,
"US1ORMT0083","PORTLAND 4.1 NW, OR US","2022-09-28",,,"0.01",,
"US1ORMT0083","PORTLAND 4.1 NW, OR US","2022-09-29",,,"0.41",,
"US1ORMT0083","PORTLAND 4.1 NW, OR US","2022-10-22",,,"0.54",,
"US1ORMT0083","PORTLAND 4.1 NW, OR US","2022-10-23",,,"0.04",,
"US1ORMT0083","PORTLAND 4.1 NW, OR US","2022-10-25",,,"0.22",,
"US1ORMT0083","PORTLAND 4.1 NW, OR US","2022-10-26",,,"0.62",,
"US1ORMT0083","PORTLAND 4.1 NW, OR US","2022-10-27",,,"0.10",,
"US1ORMT0083","PORTLAND 4.1 NW, OR US","2022-10-28",,,"0.00",,
"US1ORMT0083","PORTLAND 4.1 NW, OR US","2022-10-29",,,"0.66",,
"US1ORMT0083","PORTLAND 4.1 NW, OR US","2022-10-30",,,"0.03",,
"US1ORMT0083","PORTLAND 4.1 NW, OR US","2022-10-31",,,"0.17",,
"US1ORMT0083","PORTLAND 4.1 NW, OR US","2022-11-01",,,"0.96",,
"US1ORMT0083","PORTLAND 4.1 NW, OR US","2022-11-02",,,"0.16",,
"US1ORMT0083","PORTLAND 4.1 NW, OR US","2022-11-03",,,"0.02",,
"US1ORMT0083","PORTLAND 4.1 NW, OR US","2022-11-04",,,"0.52",,
"US1ORMT0083","PORTLAND 4.1 NW, OR US","2022-11-05",,,"1.94",,
"US1ORMT0083","PORTLAND 4.1 NW, OR US","2022-11-06",,,"0.88",,
"US1ORMT0083","PORTLAND 4.1 NW, OR US","2022-11-07",,,"0.16",,
"US1ORMT0083","PORTLAND 4.1 NW, OR US","2022-11-08",,,"0.14",,
"US1ORMT0083","PORTLAND 4.1 NW, OR US","2022-11-23",,,"0.35",,
"US1ORMT0083","PORTLAND 4.1 NW, OR US","2022-11-26",,,"0.43",,
"US1ORMT0083","PORTLAND 4.1 NW, OR US","2022-11-28",,,"0.36",,
"US1ORMT0083","PORTLAND 4.1 NW, OR US","2022-11-29",,,"0.04",,
"US1ORMT0083","PORTLAND 4.1 NW, OR US","2022-11-30",,,"1.37",,
"US1ORMT0083","PORTLAND 4.1 NW, OR US","2022-12-01",,,"0.18",,
"US1ORMT0083","PORTLAND 4.1 NW, OR US","2022-12-02",,,"0.04",,
"US1ORMT0083","PORTLAND 4.1 NW, OR US","2022-12-03",,,"0.04",,
"US1ORMT0083","PORTLAND 4.1 NW, OR US","2022-12-05",,,"0.22",,
"US1ORMT0083","PORTLAND 4.1 NW, OR US","2022-12-08",,,"0.25",,
"US1ORMT0083","PORTLAND 4.1 NW, OR US","2022-12-09",,,"0.20",,
"US1ORMT0083","PORTLAND 4.1 NW, OR US","2022-12-10",,,"1.26",,
"US1ORMT0083","PORTLAND 4.1 NW, OR US","2022-12-11",,,"0.32",,
"US1ORMT0083","PORTLAND 4.1 NW, OR US","2022-12-19",,,"0.08",,
"US1ORMT0083","PORTLAND 4.1 NW, OR US","2022-12-20",,,"0.04",,
"US1ORMT0083","PORTLAND 4.1 NW, OR US","2022-12-21",,,"0.19",,
"US1ORMT0083","PORTLAND 4.1 NW, OR US","2022-12-23",,,"0.45",,
"US1ORMT0083","PORTLAND 4.1 NW, OR US","2022-12-24",,,"0.03",,
"US1ORMT0083","PORTLAND 4.1 NW, OR US","2022-12-25",,,"1.13",,
"US1ORMT0083","PORTLAND 4.1 NW, OR US","2022-12-28","    2","3.87",,,
"US1ORMT0083","PORTLAND 4.1 NW, OR US","2022-12-29",,,"0.06",,
"US1ORMT0083","PORTLAND 4.1 NW, OR US","2022-12-30",,,"0.65",,
"US1ORMT0083","PORTLAND 4.1 NW, OR US","2022-12-31",,,"0.42",,
